English name (do not edit),Russian name (fill this in),Category,Note
Aberrant Drake,,Mount,
Aberrant Fey Wolf,,Mount,
Aberrant Yeth Hound,,Mount,
Adolescent Deep Crow,,Mount,
Amnian Horse,,Mount,
Amphail Fancy Horse,,Mount,
Appaloosa Horse,,Mount,
Apparatus of Gond,,Mount,
Apparatus of Kwalish,,Mount,
Arcane Whirlwind,,Mount,
Arkaiun Courser,,Mount,
Armored Axe Beak,,Mount,
Armored Bear,,Mount,
Armored Boar,,Mount,
Armored Bulette,,Mount,
Armored Ghost Horse,,Mount,
Armored Giant Strider,,Mount,
Armored Griffon,,Mount,
Armored Pale Horse,,Mount,
Ashen Brindle Horse,,Mount,
Autumn Stag,,Mount,
Axe Beak,,Mount,
Balgora,,Mount,
Barded Neverwintan Lion,,Mount,
Barlgura,,Mount,
Bay Zakharan Horse,,Mount,
Beholder Personal Tank,,Mount,
Beholder Rune Board,,Mount,
Bestial Fire Archon,,Mount,
Bigby's Hand,,Mount,
Black Horse,,Mount,
Black Ice Warhorse,,Mount,
Black Owlbear,,Mount,
Black Stallion,,Mount,
Black Unicorn,,Mount,
Blue Butterfly Swarm,,Mount,
Blue Ribbon Pig,,Mount,
Blueforged Rage Drake,,Mount,
Boar,,Mount,
Boots of Misty Step,,Mount,
Bore Worm - Account,,Mount,
Brain Stealer Dragon,,Mount,
Brindle Horse,,Mount,
Broom of the Wilds,,Mount,
Broom of Twilight,,Mount,
Brown Siege Bear,,Mount,
Brown Siege Bear - Account,,Mount,
Buckskin Destrier,,Mount,
Bulette,,Mount,
Butterfly Wings,,Mount,
Cactus the Hedgehog,,Mount,
Calimshan Horse,,Mount,
Carmine Bulette,,Mount,
Carpet of Flying,,Mount,
Cavalry Tyrannosaur,,Mount,
Celestial Bear,,Mount,
Celestial Dragonnel,,Mount,
Celestial Stag,,Mount,
Celestial Stag - Account,,Mount,
Celestial Wings,,Mount,
Champion's Armored Bulette,,Mount,
Clockmaker Rune Board,,Mount,
Coastal Flail Snail,,Mount,
Commander Tyrannosaur,,Mount,
Confetti Machination,,Mount,
Cosmic Pig,,Mount,
Cosmic Stag,,Mount,
Cosmos Stag,,Mount,
Crag Cat,,Mount,
Crimson Crystal Horse,,Mount,
Crystalline Warhorse,,Mount,
Dappled Riding Horse,,Mount,
Dark Butterfly Wings,,Mount,
Dawn Unicorn,,Mount,
Deadly Driderform,,Mount,
Decaying Stag,,Mount,
Deinonychus,,Mount,
Demon Sled,,Mount,
Demon Wings,,Mount,
Demonic Gravehound,,Mount,
Divine Wings,,Mount,
Dragon Chicken,,Mount,
Dragonbone Golem,,Mount,
Dusk Unicorn,,Mount,
Ebon Riding Lizard,,Mount,
Eclipse Lion,,Mount,
Eku's Titivated Lion,,Mount,
Elite Shadow Wolf,,Mount,
Embellished Apparatus of Gond,,Mount,
Emerald Glazed Giant Beetle,,Mount,
Emperor Beetle,,Mount,
Empowered Dragonbone Golem,,Mount,
Enchanted Broom,,Mount,
Enchanted Courser,,Mount,
Enlarged Chicken,,Mount,
Epic Giant Toad,,Mount,
Escargo-fast Turbo 3000,,Mount,
Fallen Angel's Wings,,Mount,
Fancy Gorgon,,Mount,
Fey Wolf,,Mount,
Feywild Griffon,,Mount,
Feywild Griffon - Account,,Mount,
Feywild Stag,,Mount,
Feywild Stag - Account,,Mount,
Flail Snail,,Mount,
Forest Flail Snail,,Mount,
Forever Familiar,,Mount,
Frost Giantess,,Mount,
Frost Giantess - Account,,Mount,
Frost Salamander,,Mount,
Frozen Demon Sled,,Mount,
Frozen Gorgon,,Mount,
Frozen Polar Bear,,Mount,
Frozen Winter Sled,,Mount,
Fungal Flail Snail,,Mount,
Gas Spore,,Mount,
Gelatinous Cube,,Mount,
Giant Beetle,,Mount,
Giant Crab,,Mount,
Giant Space Hamster,,Mount,
Giant Strider,,Mount,
Gilded Giant Spider,,Mount,
Gilded Goose,,Mount,
Glacier Prowler,,Mount,
Glorious Panda,,Mount,
Glorious Undead Lion,,Mount,
Glorious Whirlwind,,Mount,
Gold Dragon Wings,,Mount,
Gold-Lined Apparatus of Kwalish,,Mount,
Golden Armored Griffon,,Mount,
Golden Brindle Horse,,Mount,
Golden Goose,,Mount,
Golden Rage Drake,,Mount,
Golden Warhorse,,Mount,
Gorgon,,Mount,
Gravewake,,Mount,
Green Owlbear,,Mount,
Grey Horse,,Mount,
Griffon,,Mount,
Grubshank the Burdened,,Mount,
Guard Drake,,Mount,
Hag's Cauldron,,Mount,
Hag's Cooking Cauldron,,Mount,
Hag's Cooking Cauldron - Account,,Mount,
Hag's Enchanted Cauldron,,Mount,
Halaster's Green Whirlwind,,Mount,
Halaster's Whirly Whirlwind,,Mount,
Heavy Giant Spider,,Mount,
Heavy Howler,,Mount,
Heavy Inferno Nightmare,,Mount,
Heavy Mystic Nightmare,,Mount,
Heavy Twilight Nightmare,,Mount,
Heavy Worg,,Mount,
Hell Emblazon Worg,,Mount,
Hell Hound,,Mount,
Hellfire Engine,,Mount,
Hellfire Steed,,Mount,
High Forest Bear,,Mount,
Hotenow Rune Board,,Mount,
Hound of the Forge,,Mount,
Howler,,Mount,
Ice Panther,,Mount,
Imperial Rage Drake,,Mount,
Infernal War Machine,,Mount,
Infernal War Machine - Account,,Mount,
Inferno Nightmare,,Mount,
Jubilee Parade Horse,,Mount,
Jubilee Unicorn,,Mount,
King of Spines,,Mount,
King of Spines - Account,,Mount,
Legendary Adolescent Deep Crow,,Mount,
Legendary Adolescent Deepcrow,,Mount,
Legendary Barlgura,,Mount,
Legendary Carpet of Flying,,Mount,
Legendary Giant Toad,,Mount,
Legendary Hellfire Engine,,Mount,
Legendary Reconnaissance Balloons,,Mount,
Leopard of Chult,,Mount,
Leopard-printed Yeth Hound,,Mount,
Lord's Armored Polar Bear,,Mount,
Lunar New Year's Dragonnel,,Mount,
Maltese Tiger,,Mount,
Manticore,,Mount,
Marbled Stallion,,Mount,
Marvelous Reconnaissance Balloons,,Mount,
Mechanical Goose,,Mount,
Medium Adventurer's Horse,,Mount,
Medium Black Horse,,Mount,
Medium Palomino Horse,,Mount,
Medium Pharaoh Steed,,Mount,
Medium Snowswift Horse,,Mount,
Medium Snowswift Steed,,Mount,
Medium Tiger,,Mount,
Medium Waterdeep Horse,,Mount,
Medium Worg,,Mount,
Midnight's Plume,,Mount,
Mist Form,,Mount,
Moonbear,,Mount,
Moss-daubed Horse,,Mount,
Mossy Flail Snail,,Mount,
Mottled Rage Drake,,Mount,
Myconid Bulette,,Mount,
Mystical Butterfly Wings,,Mount,
Neo Eclipse Lion,,Mount,
Neverwinter Champion's Charger,,Mount,
Neverwinter Siegebreaker's Charger,,Mount,
Neverwinter's Hand,,Mount,
New Year's Boar,,Mount,
New Year's Ox,,Mount,
New Year's Rabbit,,Mount,
New Year's Tiger,,Mount,
Nightfire Dragonnel,,Mount,
Noble Pegasus,,Mount,
Noble Pegasus - Account,,Mount,
Nostura's Winter Stag,,Mount,
Ochre Bulette,,Mount,
Ollie the Octie,,Mount,
Omen of Despair,,Mount,
Ornate Apparatus of Gond,,Mount,
Owlbear,,Mount,
Pale Horse,,Mount,
Palomino Horse,,Mount,
Panther,,Mount,
Pegasus,,Mount,
Pegasus - Account,,Mount,
Phantom Panther,,Mount,
Pharaoh Steed,,Mount,
Pink Sylph Wings,,Mount,
Poisonous Looking Spider,,Mount,
Polar Bear,,Mount,
Polar Siege Bear,,Mount,
Polar Siege Bear - Account,,Mount,
Protective Pink Yeti,,Mount,
Purple Guard Drake,,Mount,
Purple Owlbear,,Mount,
Radiant Rune Board,,Mount,
Rage Drake,,Mount,
Rainbow Starry Panther,,Mount,
Reanimated Chariot,,Mount,
Reanimated Destrier,,Mount,
Reclusive Rothe,,Mount,
Reclusive Rothé,,Mount,
Red Butterfly Swarm,,Mount,
Red Dragon,,Mount,
Red Dragon Wings,,Mount,
Red Giant Beetle,,Mount,
Red Mountain Fox,,Mount,
Red-Hued Apparatus of Gond,,Mount,
Regal Armored Griffon,,Mount,
Regal Cobra,,Mount,
Rimefire Salamander,,Mount,
Rothe Traveler,,Mount,
Royal Winter Sled,,Mount,
Rune Board,,Mount,
Runeclad Manticore,,Mount,
Sabino Destrier,,Mount,
Sabino Horse,,Mount,
Savage Polar Bear,,Mount,
Shadow Drake,,Mount,
Shadow Wolf,,Mount,
Siegebreaker Griffon,,Mount,
Sienna Tribal Lion,,Mount,
Silverback Bear,,Mount,
Silverleaf Sled,,Mount,
Skeletal Worg,,Mount,
Skeleton Steed,,Mount,
Skyhold Alligator,,Mount,
Skyhold Throne,,Mount,
Slab of Vecna,,Mount,
Slaghound,,Mount,
Small Forest Stag,,Mount,
Snowclad Manticore,,Mount,
Snowtusk,,Mount,
Soot Tribal Lion,,Mount,
Space Guppy School,,Mount,
Spiked Deinonychus,,Mount,
Starfade Stag,,Mount,
Starry Panther,,Mount,
Starry Sphere,,Mount,
Stormraider Clydesdale,,Mount,
Striped Owlbear,,Mount,
Striped Rage Drake,,Mount,
Sunite Steed,,Mount,
Sunscorch Rune Board,,Mount,
Suratuk's Banded Spider,,Mount,
Suratuk's Blue Poisonous Looking Spider,,Mount,
Suratuk's Blue Tarantula,,Mount,
Suratuk's Darkfish Fey Wolf,,Mount,
Suratuk's Giant Red Crab,,Mount,
Suratuk's Giant Spider,,Mount,
Suratuk's Giant Sunset Crab,,Mount,
Suratuk's Gold-Dusted Axebeak,,Mount,
Suratuk's Jungle Spider,,Mount,
Suratuk's Orange Poisonous Looking Spider,,Mount,
Suratuk's Orange Tarantula,,Mount,
Suratuk's Red-Dusted Axebeak,,Mount,
Suratuk's Ruby Strider,,Mount,
Suratuk's Teal Crag Cat,,Mount,
Suratuk's Teal Spider,,Mount,
Swarm,,Mount,
Swift Golden Lion,,Mount,
Sylvan Stag,,Mount,
Teal Armored Axe Beak,,Mount,
Tenser's Floating Disk,,Mount,
Tenser's Floating Disk (epic),,Mount,
Tethyr Horse,,Mount,
The Ebon Herald,,Mount,
The Herald's Horse,,Mount,
Tiger-striped Owlbear,,Mount,
Toothesome,,Mount,
Toothsome,,Mount,
Trained Basilisk,,Mount,
Trained Grizzly,,Mount,
Tribal Polar Bear,,Mount,
Triceratops,,Mount,
Tuigan Courser,,Mount,
Turmish Lion,,Mount,
Twice-Pale Alder,,Mount,
Twilight Yeti,,Mount,
Umber Hulk,,Mount,
Uni the Unicorn,,Mount,
Volcanic Flail Snail,,Mount,
War Triceratops,,Mount,
Warpainted Tyrannosaur,,Mount,
Water Horse,,Mount,
Waterdeep Horse,,Mount,
Whirlwind,,Mount,
White Horse,,Mount,
White Owlbear,,Mount,
White Tiger,,Mount,
Winter Flail Snail,,Mount,
Winter Sled,,Mount,
Winter Wolf,,Mount,
Witch's Broom,,Mount,
Wolf of the Wild Hunt,,Mount,
Yellow Butterfly Swarm,,Mount,
Yeth Hound,,Mount,
Zodar Armor,,Mount,
Zombie Chicken,,Mount,
Actions Speak Louder,,Combat Power,
Arcane Maelstrom,,Combat Power,
Arcane Siege Volley,,Combat Power,
Aureal Armament,,Combat Power,
Bat Swarm,,Combat Power,
Beholder's Might,,Combat Power,
Bigby's Crushing Hand,,Combat Power,
Black Ice Storm,,Combat Power,
Call of the Cosmos,,Combat Power,
Call of the Heavens,,Combat Power,
Call of the Stars,,Combat Power,
Cannon Siege Volley,,Combat Power,
Cauldron Fumes,,Combat Power,
Cauldron Gasses,,Combat Power,
Commander Tyrannosaurus Rex'em,,Combat Power,
Confetti Catastrophe,,Combat Power,
Crystal Eruption,,Combat Power,
Dark Call,,Combat Power,
Dark Vortex,,Combat Power,
Deep Crow Shriek,,Combat Power,
Disintegration Beam,,Combat Power,
Divine Intervention,,Combat Power,
Dragon Nugget Bomb,,Combat Power,
Dragonbone Whirl,,Combat Power,
Eclipsed Armament,,Combat Power,
Empowered Dragonbone Whirl,,Combat Power,
Ethereal Vortex,,Combat Power,
Explosive Equalizer,,Combat Power,
Ferocious Roar,,Combat Power,
Frozen Retribution,,Combat Power,
Frozen Stamp,,Combat Power,
Giant Toad Tongue Lash,,Combat Power,
Golden Touch,,Combat Power,
Grand Inspiration,,Combat Power,
Ground Slam,,Combat Power,
Grubshank SMAAASH,,Combat Power,
Hamsphere,,Combat Power,
Harrowing Screech,,Combat Power,
Hell on Faerûn,,Combat Power,
Hell's Impact,,Combat Power,
Hot Streak,,Combat Power,
Imperious Stomp,,Combat Power,
Infernal Pounce,,Combat Power,
Intoxicating Venom,,Combat Power,
Invigorating Foxfire,,Combat Power,
Lolth's Gift,,Combat Power,
Lunar Fireball,,Combat Power,
Magnificent Inspiration,,Combat Power,
Marvelous Balloon Bombardment,,Combat Power,
Meteoric Impact,,Combat Power,
Mighty Dragon's Roar,,Combat Power,
Mow Down,,Combat Power,
Mystic Fireball,,Combat Power,
Mythic Tyrannosaurus Rex'em,,Combat Power,
Necrotic Roar,,Combat Power,
Neverwinter Armament,,Combat Power,
Path of Fire,,Combat Power,
Perilous Polymorph Potion,,Combat Power,
Phantasmic Wake,,Combat Power,
Piercing Screech,,Combat Power,
Protector's Hand,,Combat Power,
Psionic Blast,,Combat Power,
Rabbit Hole,,Combat Power,
Radical Radiance,,Combat Power,
Rain of Shards,,Combat Power,
Rain of Spines,,Combat Power,
Rejuvenating Favor,,Combat Power,
Relentless Hunter,,Combat Power,
Resonating Screech,,Combat Power,
Rimefire Retribution,,Combat Power,
Rothe Charge,,Combat Power,
Rush of Despair,,Combat Power,
Rush of Torment,,Combat Power,
Sand Coffin,,Combat Power,
School's in Session,,Combat Power,
Shadowy Rush,,Combat Power,
Skyhold Alligator's Bellow,,Combat Power,
Spinning Axe Strike,,Combat Power,
Spinning Axe Strike (Teal),,Combat Power,
Spore Explosion,,Combat Power,
Stabby Stabs,,Combat Power,
Strider Fire,,Combat Power,
Tenser's Transformation,,Combat Power,
Terrifying Roar,,Combat Power,
Tidal Wave,,Combat Power,
Tiger's Charge,,Combat Power,
Trample,,Combat Power,
Tunnel Vision,,Combat Power,
Uni's Charge,,Combat Power,
Vortex,,Combat Power,
Vortex of Despair,,Combat Power,
Warpainted Tyrannosaurus Rex'em,,Combat Power,
Wicked Lich,,Combat Power,
Winter's Wrath,,Combat Power,
All A Flutter,,Equip Power,
Armor Breaker,,Equip Power,
Avian Aura,,Equip Power,
Blazing Opportunity,,Equip Power,
Celestial Calm,,Equip Power,
Celestial Luck,,Equip Power,
Dash of Life,,Equip Power,
Dawn of Life,,Equip Power,
Deadly Decay,,Equip Power,
Divine Decree,,Equip Power,
Dominant Force,,Equip Power,
Fast Striding,,Equip Power,
Ferocious Predator,,Equip Power,
Ferocity,,Equip Power,
Hearty Resistance,,Equip Power,
Heroic Soul,,Equip Power,
Indestructible,,Equip Power,
Intimidating Presence,,Equip Power,
Mighty Action,,Equip Power,
Mist Me,,Equip Power,
Mystic Aura,,Equip Power,
Necrotic Flesh,,Equip Power,
Neverwinter's Pride,,Equip Power,
Omnipotence,,Equip Power,
Opportunism,,Equip Power,
Opportunistic,,Equip Power,
Otherworldly Adaptability,,Equip Power,
Otherworldly Determination,,Equip Power,
Otherworldly Force,,Equip Power,
Pack Tactics,,Equip Power,
Precision,,Equip Power,
Predator's Focus,,Equip Power,
Predator's Grace,,Equip Power,
Providence,,Equip Power,
Quick Action,,Equip Power,
Rapid Accuracy,,Equip Power,
Reactive Agility,,Equip Power,
Refreshing Breeze,,Equip Power,
Rejuvenation,,Equip Power,
Reptilian Skin,,Equip Power,
Resilient,,Equip Power,
Runic Aura,,Equip Power,
Ruthless Efficiency,,Equip Power,
Seeing Red,,Equip Power,
Shadow Sight,,Equip Power,
Smooth Ride,,Equip Power,
Stalwart,,Equip Power,
Sturdy Accuracy,,Equip Power,
Tactical Reconnaissance,,Equip Power,
The High Ground,,Equip Power,
Uncanny Precision,,Equip Power,
Unstoppable Force,,Equip Power,
Untouchable,,Equip Power,
Vigilance,,Equip Power,
Vulpine Vigor,,Equip Power,
Accursed's Resolve,,Insignia Bonus,
Alchemist's Invigoration,,Insignia Bonus,
Ally's Resilience,,Insignia Bonus,
Artificer's Enticement,,Insignia Bonus,
Artificer's Persuasion,,Insignia Bonus,
Assassin's Covenant,,Insignia Bonus,
Barbarian's Revelry,,Insignia Bonus,
Berserker's Rage,,Insignia Bonus,
Cautious Devotion,,Insignia Bonus,
Cavalry's Alarm,,Insignia Bonus,
Cavalry's Haste,,Insignia Bonus,
Cavalry's Warning,,Insignia Bonus,
Champion's Return,,Insignia Bonus,
Combatant's Maneuver,,Insignia Bonus,
Defender's Retort,,Insignia Bonus,
Enchanter's Hex,,Insignia Bonus,
Executioner's Covenant,,Insignia Bonus,
Gladiator's Guile,,Insignia Bonus,
Guardian's Spirit,,Insignia Bonus,
Ice Cold Aggression,,Insignia Bonus,
Ice Cold Resolve,,Insignia Bonus,
Knight's Condemnation,,Insignia Bonus,
Knight's Rebuke,,Insignia Bonus,
Lionheart's Perseverance,,Insignia Bonus,
Magistrate's Patience,,Insignia Bonus,
Master's Cruelty,,Insignia Bonus,
Master's Precision,,Insignia Bonus,
Mender's Covenant,,Insignia Bonus,
Oppressor's Reprieve,,Insignia Bonus,
Predator's Instinct,,Insignia Bonus,
Protector's Camaraderie,,Insignia Bonus,
Protector's Covenant,,Insignia Bonus,
Shepherd's Devotion,,Insignia Bonus,
Slayer's Bloodlust,,Insignia Bonus,
Survivalist's Expertise,,Insignia Bonus,
Survivor's Blessing,,Insignia Bonus,
Tactician's Precision,,Insignia Bonus,
Trainer's Restoration,,Insignia Bonus,
Traveler's Treasures,,Insignia Bonus,
Victim's Preservation,,Insignia Bonus,
Wanderer's Fortune,,Insignia Bonus,
Warlord's Inspiration,,Insignia Bonus,
Warlord's Motivation,,Insignia Bonus,
Barbed Insignia of Aggression,,Insignia,optional
Barbed Insignia of Brutality,,Insignia,optional
Barbed Insignia of Dominance,,Insignia,optional
Barbed Insignia of Evasion,,Insignia,optional
Barbed Insignia of Fortitude,,Insignia,optional
Barbed Insignia of Gond,,Insignia,optional
Barbed Insignia of Initiative,,Insignia,optional
Barbed Insignia of Mastery,,Insignia,optional
Barbed Insignia of Skill,,Insignia,optional
Crescent Insignia of Balance,,Insignia,optional
Crescent Insignia of Brutality,,Insignia,optional
Crescent Insignia of Courage,,Insignia,optional
Crescent Insignia of Evasion,,Insignia,optional
Crescent Insignia of Fortitude,,Insignia,optional
Crescent Insignia of Gond,,Insignia,optional
Crescent Insignia of Initiative,,Insignia,optional
Crescent Insignia of Prosperity,,Insignia,optional
Crescent Insignia of Skill,,Insignia,optional
Crescent Insignia of Tranquility,,Insignia,optional
Enlightened Insignia of Brutality,,Insignia,optional
Enlightened Insignia of Courage,,Insignia,optional
Enlightened Insignia of Fortitude,,Insignia,optional
Enlightened Insignia of Gond,,Insignia,optional
Enlightened Insignia of Initiative,,Insignia,optional
Enlightened Insignia of Mastery,,Insignia,optional
Enlightened Insignia of Precision,,Insignia,optional
Enlightened Insignia of Prosperity,,Insignia,optional
Enlightened Insignia of Refuge,,Insignia,optional
Enlightened Insignia of Skill,,Insignia,optional
Illuminated Insignia of Aggression,,Insignia,optional
Illuminated Insignia of Brutality,,Insignia,optional
Illuminated Insignia of Dominance,,Insignia,optional
Illuminated Insignia of Fortitude,,Insignia,optional
Illuminated Insignia of Gond,,Insignia,optional
Illuminated Insignia of Initiative,,Insignia,optional
Illuminated Insignia of Mastery,,Insignia,optional
Illuminated Insignia of Refuge,,Insignia,optional
Illuminated Insignia of Rhythm,,Insignia,optional
Regal Insignia of Aggression,,Insignia,optional
Regal Insignia of Brutality,,Insignia,optional
Regal Insignia of Courage,,Insignia,optional
Regal Insignia of Dominance,,Insignia,optional
Regal Insignia of Evasion,,Insignia,optional
Regal Insignia of Fortitude,,Insignia,optional
Regal Insignia of Gond,,Insignia,optional
Regal Insignia of Initiative,,Insignia,optional
Regal Insignia of Precision,,Insignia,optional
Regal Insignia of Prosperity,,Insignia,optional
Regal Insignia of Refuge,,Insignia,optional
Practical Barbed Collar I,,Collar,optional
Practical Barbed Collar II,,Collar,optional
Practical Barbed Collar III,,Collar,optional
Practical Barbed Collar IV,,Collar,optional
Practical Barbed Collar V,,Collar,optional
Practical Crescent Collar I,,Collar,optional
Practical Crescent Collar II,,Collar,optional
Practical Crescent Collar III,,Collar,optional
Practical Crescent Collar IV,,Collar,optional
Practical Crescent Collar V,,Collar,optional
Practical Regal Collar I,,Collar,optional
Practical Regal Collar II,,Collar,optional
Practical Regal Collar III,,Collar,optional
Practical Regal Collar IV,,Collar,optional
Practical Regal Collar V,,Collar,optional
Sturdy Barbed Collar I,,Collar,optional
Sturdy Barbed Collar II,,Collar,optional
Sturdy Barbed Collar III,,Collar,optional
Sturdy Barbed Collar IV,,Collar,optional
Sturdy Barbed Collar V,,Collar,optional
Sturdy Crescent Collar I,,Collar,optional
Sturdy Crescent Collar II,,Collar,optional
Sturdy Crescent Collar III,,Collar,optional
Sturdy Crescent Collar IV,,Collar,optional
Sturdy Crescent Collar V,,Collar,optional
Sturdy Regal Collar I,,Collar,optional
Sturdy Regal Collar II,,Collar,optional
Sturdy Regal Collar III,,Collar,optional
Sturdy Regal Collar IV,,Collar,optional
Sturdy Regal Collar V,,Collar,optional
Supportive Barbed Collar I,,Collar,optional
Supportive Barbed Collar II,,Collar,optional
Supportive Barbed Collar III,,Collar,optional
Supportive Barbed Collar IV,,Collar,optional
Supportive Barbed Collar V,,Collar,optional
Supportive Crescent Collar I,,Collar,optional
Supportive Crescent Collar II,,Collar,optional
Supportive Crescent Collar III,,Collar,optional
Supportive Crescent Collar IV,,Collar,optional
Supportive Crescent Collar V,,Collar,optional
Supportive Regal Collar I,,Collar,optional
Supportive Regal Collar II,,Collar,optional
Supportive Regal Collar III,,Collar,optional
Supportive Regal Collar IV,,Collar,optional
Supportive Regal Collar V,,Collar,optional
Unified Barbed Collar I,,Collar,optional
Unified Barbed Collar II,,Collar,optional
Unified Barbed Collar III,,Collar,optional
Unified Barbed Collar IV,,Collar,optional
Unified Barbed Collar V,,Collar,optional
Unified Crescent Collar I,,Collar,optional
Unified Crescent Collar II,,Collar,optional
Unified Crescent Collar III,,Collar,optional
Unified Crescent Collar IV,,Collar,optional
Unified Crescent Collar V,,Collar,optional
Unified Regal Collar I,,Collar,optional
Unified Regal Collar II,,Collar,optional
Unified Regal Collar III,,Collar,optional
Unified Regal Collar IV,,Collar,optional
Unified Regal Collar V,,Collar,optional
Wayfaring Barbed Collar I,,Collar,optional
Wayfaring Barbed Collar II,,Collar,optional
Wayfaring Barbed Collar III,,Collar,optional
Wayfaring Barbed Collar IV,,Collar,optional
Wayfaring Barbed Collar V,,Collar,optional
Wayfaring Crescent Collar I,,Collar,optional
Wayfaring Crescent Collar II,,Collar,optional
Wayfaring Crescent Collar III,,Collar,optional
Wayfaring Crescent Collar IV,,Collar,optional
Wayfaring Crescent Collar V,,Collar,optional
Wayfaring Regal Collar I,,Collar,optional
Wayfaring Regal Collar II,,Collar,optional
Wayfaring Regal Collar III,,Collar,optional
Wayfaring Regal Collar IV,,Collar,optional
Wayfaring Regal Collar V,,Collar,optional
